timestamp,project_name,run_id,experiment_id,duration,emissions,emissions_rate,cpu_power,gpu_power,ram_power,cpu_energy,gpu_energy,ram_energy,energy_consumed,water_consumed,country_name,country_iso_code,region,cloud_provider,cloud_region,os,python_version,codecarbon_version,cpu_count,cpu_model,gpu_count,gpu_model,longitude,latitude,ram_total_size,tracking_mode,cpu_utilization_percent,gpu_utilization_percent,ram_utilization_percent,ram_used_gb,on_cloud,pue,wue
2026-09-20T10:11:28,green-ai-sample-01,041b3c84-d682-4f91-8b0a-0b87c9bfeeed,5b0fa12a-3dd7-45bb-9766-cc326314d9f1,4.792911500000628,6.943518158439438e-06,1.4487056893160928e-06,22.594497124530996,0.0,10.0,6.685888055e-06,0.0,3.046546944445557e-06,9.732434999445557e-06,0.0,India,IND,west bengal,,,Windows-11-10.0.26200-SP0,3.14.7,3.3.1,12,12th Gen Intel(R) Core(TM) i5-1235U,0,,88.0965,23.1762,15.679065704345703,process,0.0,0,74.1,11.62253189086914,N,1.0,0.0
2026-09-20T10:13:34,green-ai-sample-01,77729917-5ab6-4ff3-979e-2cea0a8924a8,5b0fa12a-3dd7-45bb-9766-cc326314d9f1,3.7783585000006497,3.5959166401733503e-06,9.517139890703151e-07,13.134127980243761,0.0,10.0,3.4615297220000003e-06,0.0,1.5787141666654254e-06,5.040243888665426e-06,0.0,India,IND,west bengal,,,Windows-11-10.0.26200-SP0,3.14.7,3.3.1,12,12th Gen Intel(R) Core(TM) i5-1235U,0,,88.0965,23.1762,15.679065704345703,process,0,0,0,0,N,1.0,0.0
2026-09-20T10:18:37,green-ai-sample-01,025f1cef-7b36-4980-a4b8-403a78f9e4c5,5b0fa12a-3dd7-45bb-9766-cc326314d9f1,4.260372800000368,4.390570214233514e-06,1.0305600989268203e-06,19.144626052459667,0.0,10.0,3.5004002770000005e-06,0.0,2.6536758333350007e-06,6.1540761103350016e-06,0.0,India,IND,west bengal,,,Windows-11-10.0.26200-SP0,3.14.7,3.3.1,12,12th Gen Intel(R) Core(TM) i5-1235U,0,,88.0965,23.1762,15.679065704345703,process,0,0,0,0,N,1.0,0.0
2026-09-20T10:18:40,green-ai-sample-01,684247e4-998e-4574-825a-52b2b93756c0,5b0fa12a-3dd7-45bb-9766-cc326314d9f1,4.0736157000001185,3.84109698223615e-06,9.429208018409882e-07,17.527467520310626,0.0,10.0,3.1158122230000003e-06,0.0,2.2680905555565304e-06,5.383902778556531e-06,0.0,India,IND,west bengal,,,Windows-11-10.0.26200-SP0,3.14.7,3.3.1,12,12th Gen Intel(R) Core(TM) i5-1235U,0,,88.0965,23.1762,15.679065704345703,process,0,0,0,0,N,1.0,0.0
2026-09-25T20:13:31,green-ai-sample-01,14fca25e-c094-4346-9150-35fd521962f4,5b0fa12a-3dd7-45bb-9766-cc326314d9f1,4.751746199995978,8.665037815568511e-06,1.8235481128128952e-06,16.843714721390356,0.0,10.0,9.073682222e-06,0.0,3.071733888888654e-06,1.2145416110888654e-05,0.0,India,IND,west bengal,,,Windows-11-10.0.26200-SP0,3.14.7,3.3.1,12,12th Gen Intel(R) Core(TM) i5-1235U,0,,88.0965,23.1762,15.679065704345703,process,0.0,0,52.8,8.282642364501953,N,1.0,0.0
2026-09-29T12:56:23,green-ai-sample-01,827fcd1c-f1de-46e9-ab56-49ce750152be,5b0fa12a-3dd7-45bb-9766-cc326314d9f1,0.8212852000000055,2.2438026019435724e-08,2.7320626281145178e-08,23.003231727081676,0.0,10.0,3.7135275000000003e-06,0.0,1.98522861111113e-06,5.698756111111131e-06,0.0,Canada,CAN,quebec,,,Windows-11-10.0.26200-SP0,3.14.7,3.3.1,12,12th Gen Intel(R) Core(TM) i5-1235U,0,,-71.2,46.8,15.679065704345703,process,0,0,0,0,N,1.0,0.0
2026-09-29T13:03:24,green-ai-sample-01,61defb84-2e1e-471c-a195-b0abdb19c4e7,5b0fa12a-3dd7-45bb-9766-cc326314d9f1,0.5760463999999956,1.6769277086944734e-08,2.911098322451952e-08,10.423509020516208,0.0,10.0,2.791088889e-06,0.0,1.4679319444443056e-06,4.259020833444306e-06,0.0,Canada,CAN,quebec,,,Windows-11-10.0.26200-SP0,3.14.7,3.3.1,12,12th Gen Intel(R) Core(TM) i5-1235U,0,,-71.2,46.8,15.679065704345703,process,0,0,0,0,N,1.0,0.0
2026-09-29T13:03:32,green-ai-sample-01,01fb5821-f555-4fd2-a509-81200d21e941,5b0fa12a-3dd7-45bb-9766-cc326314d9f1,0.5995461999999634,1.4895574045873921e-08,2.4844747653933642e-08,11.725617304920931,0.0,10.0,2.330877778e-06,0.0,1.452264444444356e-06,3.7831422224443563e-06,0.0,Canada,CAN,quebec,,,Windows-11-10.0.26200-SP0,3.14.7,3.3.1,12,12th Gen Intel(R) Core(TM) i5-1235U,0,,-71.2,46.8,15.679065704345703,process,0,0,0,0,N,1.0,0.0
2026-09-29T13:03:44,green-ai-sample-01,325c6b40-6677-4dc5-aadf-df06dca83f0b,5b0fa12a-3dd7-45bb-9766-cc326314d9f1,0.6802847999999813,1.7911932513937158e-08,2.6330049582083345e-08,18.552315930419716,0.0,10.0,2.8558675000000003e-06,0.0,1.693362222222087e-06,4.549229722222087e-06,0.0,Canada,CAN,quebec,,,Windows-11-10.0.26200-SP0,3.14.7,3.3.1,12,12th Gen Intel(R) Core(TM) i5-1235U,0,,-71.2,46.8,15.679065704345703,process,0,0,0,0,N,1.0,0.0
2026-09-29T13:03:58,green-ai-sample-01,da468795-f2f8-4f1b-8665-7121c0275e2a,5b0fa12a-3dd7-45bb-9766-cc326314d9f1,0.5766425999999001,1.558484304199029e-08,2.7026867321271423e-08,9.331174834696672,0.0,10.0,2.4998477780000005e-06,0.0,1.4583533333330302e-06,3.9582011113330305e-06,0.0,Canada,CAN,quebec,,,Windows-11-10.0.26200-SP0,3.14.7,3.3.1,12,12th Gen Intel(R) Core(TM) i5-1235U,0,,-71.2,46.8,15.679065704345703,process,0,0,0,0,N,1.0,0.0
2026-09-29T13:04:08,green-ai-sample-01,5f6c812c-8099-42c7-81e9-610c621e8a2b,5b0fa12a-3dd7-45bb-9766-cc326314d9f1,0.5492772000000059,1.5381463345118832e-08,2.800309815357103e-08,15.492899161792373,0.0,10.0,2.461587223e-06,0.0,1.4449599999999743e-06,3.906547222999974e-06,0.0,Canada,CAN,quebec,,,Windows-11-10.0.26200-SP0,3.14.7,3.3.1,12,12th Gen Intel(R) Core(TM) i5-1235U,0,,-71.2,46.8,15.679065704345703,process,0,0,0,0,N,1.0,0.0
2026-09-29T13:05:59,green-ai-sample-01,72755ccf-c217-4d83-826f-b14c28f62197,5b0fa12a-3dd7-45bb-9766-cc326314d9f1,0.6144621000000825,1.487405639671753e-08,2.420662950036387e-08,7.720399670736829,0.0,10.0,2.196525277e-06,0.0,1.5811519444446908e-06,3.777677221444691e-06,0.0,Canada,CAN,quebec,,,Windows-11-10.0.26200-SP0,3.14.7,3.3.1,12,12th Gen Intel(R) Core(TM) i5-1235U,0,,-71.2,46.8,15.679065704345703,process,0,0,0,0,N,1.0,0.0
2026-09-29T13:06:08,green-ai-sample-01,4f76b33b-d965-4b00-b5e2-c68f0416cd76,5b0fa12a-3dd7-45bb-9766-cc326314d9f1,0.825398899999982,2.0968929952236866e-08,2.5404601280953156e-08,27.439599189198635,0.0,10.0,3.166272777e-06,0.0,2.1593658333333427e-06,5.3256386103333434e-06,0.0,Canada,CAN,quebec,,,Windows-11-10.0.26200-SP0,3.14.7,3.3.1,12,12th Gen Intel(R) Core(TM) i5-1235U,0,,-71.2,46.8,15.679065704345703,process,0,0,0,0,N,1.0,0.0
