run_index,sample_key,duration_s,energy_kwh,emissions_kg,energy_uwh,emissions_ug,timestamp,sample_title
1,image,0.13268649999372428,9.974188883378796e-07,7.115995291146652e-07,997.4188883378796,711.5995291146652,2026-10-01T22:33:14.726251,Image Processing (exp_image)
2,image,0.1355864999932237,1.0064211103201943e-06,7.180220833679497e-07,1006.4211103201943,718.0220833679498,2026-10-01T22:33:17.108154,Image Processing (exp_image)
3,image,0.13508159999764757,1.0825191664590517e-06,7.723135566377123e-07,1082.5191664590518,772.3135566377123,2026-10-01T22:33:19.494829,Image Processing (exp_image)
4,image,0.1257010999979684,1.2316630553418516e-06,8.787189218661459e-07,1231.6630553418515,878.7189218661459,2026-10-01T22:33:21.853107,Image Processing (exp_image)
5,image,0.12772750000294764,1.0474222215666034e-06,7.47273957176699e-07,1047.4222215666034,747.273957176699,2026-10-01T22:33:24.195190,Image Processing (exp_image)
1,audio,0.17637670000112848,1.2018544445629053e-06,8.574522367834037e-07,1201.8544445629052,857.4522367834037,2026-10-01T22:33:26.177100,Audio Signal Processing (exp_audio)
2,audio,0.171560299997509,1.7585972228852698e-06,1.2546553612924898e-06,1758.5972228852697,1254.6553612924897,2026-10-01T22:33:28.601037,Audio Signal Processing (exp_audio)
3,audio,0.1727272999996785,1.3550886110856268e-06,9.667757737815407e-07,1355.0886110856268,966.7757737815407,2026-10-01T22:33:31.007448,Audio Signal Processing (exp_audio)
4,audio,0.1701995999974315,1.3115830564448602e-06,9.357371273730776e-07,1311.5830564448602,935.7371273730776,2026-10-01T22:33:33.354618,Audio Signal Processing (exp_audio)
5,audio,0.08082480000302894,6.367605549878848e-07,4.5429108711111156e-07,636.7605549878848,454.29108711111155,2026-10-01T22:33:35.647290,Audio Signal Processing (exp_audio)
1,video,0.15100169999641366,1.3056222225460158e-06,9.31484424075452e-07,1305.6222225460158,931.484424075452,2026-10-01T22:33:37.356103,Video Motion Analytics (exp_video)
2,video,0.19688279999536462,1.8751319441270775e-06,1.3377960093499662e-06,1875.1319441270775,1337.7960093499662,2026-10-01T22:33:39.699998,Video Motion Analytics (exp_video)
3,video,0.14371340000070632,1.2744730552339675e-06,9.092613309991769e-07,1274.4730552339674,909.261330999177,2026-10-01T22:33:41.946742,Video Motion Analytics (exp_video)
4,video,0.13887590000376804,1.0988530553365417e-06,7.839668226523576e-07,1098.8530553365417,783.9668226523577,2026-10-01T22:33:44.218413,Video Motion Analytics (exp_video)
5,video,0.33391999999730615,3.962511944428328e-06,2.827018484144891e-06,3962.511944428328,2827.018484144891,2026-10-01T22:33:47.044561,Video Motion Analytics (exp_video)
1,csv,0.26431400000001304,1.917886944231467e-06,1.368299179379442e-06,1917.886944231467,1368.299179379442,2026-10-01T22:33:48.916282,Tabular CSV Pipeline (exp_csv)
2,csv,0.2225700000053621,1.512244444552085e-06,1.078897188765684e-06,1512.244444552085,1078.897188765684,2026-10-01T22:33:51.295691,Tabular CSV Pipeline (exp_csv)
3,csv,0.21154160000151023,1.5707583338991543e-06,1.1206433964953466e-06,1570.7583338991542,1120.6433964953465,2026-10-01T22:33:53.710940,Tabular CSV Pipeline (exp_csv)
4,csv,0.22609039999952074,1.582447500360835e-06,1.1289829271049344e-06,1582.447500360835,1128.9829271049343,2026-10-01T22:33:56.140635,Tabular CSV Pipeline (exp_csv)
5,csv,0.2311413999996148,1.991844166667262e-06,1.421063294111258e-06,1991.844166667262,1421.063294111258,2026-10-01T22:33:58.631873,Tabular CSV Pipeline (exp_csv)
1,random_forest,0.17631320000509731,1.2960758334263558e-06,9.246736386755327e-07,1296.0758334263558,924.6736386755327,2026-10-01T22:34:00.380069,Random Forest Classifier (sample_03)
2,random_forest,0.18443919999845093,1.3594486106510981e-06,9.6988637623153e-07,1359.448610651098,969.88637623153,2026-10-01T22:34:02.770564,Random Forest Classifier (sample_03)
3,random_forest,0.18037370000092778,1.2791058327989983e-06,9.125665444579501e-07,1279.1058327989983,912.56654445795,2026-10-01T22:34:05.173001,Random Forest Classifier (sample_03)
4,random_forest,0.1862533000021358,1.3843022219916572e-06,9.876179615599499e-07,1384.3022219916572,987.6179615599499,2026-10-01T22:34:07.548642,Random Forest Classifier (sample_03)
5,random_forest,0.18611430000601104,1.2009377777763611e-06,8.567982491145448e-07,1200.9377777763611,856.7982491145448,2026-10-01T22:34:09.954781,Random Forest Classifier (sample_03)
1,svm,0.010142500002984889,6.277305533490934e-08,4.4784871371193054e-08,62.77305533490934,44.784871371193056,2026-10-01T22:34:11.559877,Support Vector Machine (sample_03)
2,svm,0.005181500004255213,6.296805543996453e-08,4.4923992441143735e-08,62.96805543996453,44.92399244114374,2026-10-01T22:34:13.766438,Support Vector Machine (sample_03)
3,svm,0.005492600001161918,5.898111067577242e-08,4.207954258163375e-08,58.98111067577242,42.07954258163375,2026-10-01T22:34:15.940679,Support Vector Machine (sample_03)
4,svm,0.006332100005238317,3.554222200396925e-08,2.5357278408733826e-08,35.54222200396925,25.357278408733826,2026-10-01T22:34:18.139997,Support Vector Machine (sample_03)
5,svm,0.005370200000470504,4.6276943670138696e-08,3.301586896896742e-08,46.27694367013869,33.015868968967425,2026-10-01T22:34:20.303906,Support Vector Machine (sample_03)
